,time,wlat,wlon,b1dlat,b1dlon,b2dlat,b2dlon,b3dlat,b3dlon,b4lat,b4lon,uwbx,uwby
0,71,6.199999999978445e-05,0.0006479999999999819,0.00043699999999979866,-0.0004710000000018866,0.0006010000000005178,-0.0006630000000003022,0.0005510000000006343,-0.000565000000001703,0.00038200000000188084,-0.0004450000000009169,0.0003569,0.0005553
1,72,5.999999999772854e-05,0.0006339999999998014,0.00043699999999979866,-0.0004710000000018866,0.0006010000000005178,-0.0006630000000003022,0.0005510000000006343,-0.000565000000001703,0.00038200000000188084,-0.0004450000000009169,0.0002989,0.0006581
2,73,6.999999999379725e-05,0.0006140000000005585,0.00043699999999979866,-0.0004710000000018866,0.0006010000000005178,-0.0006630000000003022,0.0005510000000006343,-0.000565000000001703,0.00038200000000188084,-0.0004450000000009169,0.0002705,0.0007586
3,74,7.799999999491547e-05,0.0006050000000001887,0.00043699999999979866,-0.0004710000000018866,0.0006010000000005178,-0.0006620000000001625,0.0005510000000006343,-0.0005660000000018428,0.00038200000000188084,-0.0004440000000007771,0.0002705,0.0007586
4,75,8.499999999855845e-05,0.0005930000000002877,0.00043699999999979866,-0.0004710000000018866,0.0006010000000005178,-0.0006620000000001625,0.0005510000000006343,-0.0005660000000018428,0.00038200000000188084,-0.0004450000000009169,0.0002766,0.0008525
5,76,8.499999999855845e-05,0.0005779999999999674,0.00043699999999979866,-0.0004710000000018866,0.0006010000000005178,-0.0006620000000001625,0.0005510000000006343,-0.0005660000000018428,0.00038200000000188084,-0.0004450000000009169,0.0003249,0.0009785
6,77,8.899999999556485e-05,0.0005579999999998364,0.00043699999999979866,-0.0004710000000018866,0.0006010000000005178,-0.0006620000000001625,0.0005510000000006343,-0.0005660000000018428,0.00038200000000188084,-0.0004440000000007771,0.000392,0.0010501
7,78,9.799999999415832e-05,0.0005639999999997869,0.00043699999999979866,-0.0004710000000018866,0.0006010000000005178,-0.0006610000000009109,0.0005510000000006343,-0.0005660000000018428,0.00038200000000188084,-0.0004440000000007771,0.0006797,0.001083
8,79,9.799999999415832e-05,0.0005639999999997869,0.00043699999999979866,-0.0004710000000018866,0.0006010000000005178,-0.0006610000000009109,0.0005510000000006343,-0.0005660000000018428,0.00038200000000188084,-0.0004440000000007771,0.0007866,0.0010819
9,80,9.599999999920783e-05,0.0005660000000000664,0.00043699999999979866,-0.0004710000000018866,0.0006000000000030425,-0.0006600000000007711,0.0005510000000006343,-0.0005670000000019826,0.00038200000000188084,-0.0004450000000009169,0.0008616,0.0010822
10,81,8.399999999397778e-05,0.0005820000000005265,0.00043699999999979866,-0.0004710000000018866,0.0006000000000030425,-0.0006600000000007711,0.0005510000000006343,-0.0005670000000019826,0.0003810000000044056,-0.0004440000000007771,0.0010148,0.0010774
11,82,7.199999999585316e-05,0.0005959999999998189,0.00043699999999979866,-0.0004710000000018866,0.0006000000000030425,-0.0006590000000006313,0.0005510000000006343,-0.0005670000000019826,0.0003810000000044056,-0.0004440000000007771,0.0011028,0.0010813
12,83,5.999999999772854e-05,0.0006149999999998101,0.00043699999999979866,-0.0004710000000018866,0.0006000000000030425,-0.0006590000000006313,0.0005510000000006343,-0.0005670000000019826,0.0003810000000044056,-0.0004440000000007771,0.0011298,0.0010726
13,84,5.099999999913507e-05,0.0006270000000005993,0.00043699999999979866,-0.0004710000000018866,0.0006000000000030425,-0.0006580000000004915,0.0005510000000006343,-0.0005670000000019826,0.0003799999999998249,-0.0004440000000007771,0.001136,0.0010662
14,85,4.399999999549209e-05,0.0006420000000000314,0.00043699999999979866,-0.0004710000000018866,0.0006000000000030425,-0.0006580000000004915,0.0005510000000006343,-0.0005670000000019826,0.0003799999999998249,-0.0004440000000007771,0.0010964,0.0010656
15,86,3.499999999689862e-05,0.000656000000000212,0.00043699999999979866,-0.0004710000000018866,0.0006000000000030425,-0.0006580000000004915,0.0005510000000006343,-0.0005680000000021224,0.0003799999999998249,-0.0004440000000007771,0.001022,0.0010737
16,87,2.800000000036107e-05,0.000668000000000113,0.00043699999999979866,-0.0004710000000018866,0.0006000000000030425,-0.0006580000000004915,0.0005510000000006343,-0.0005680000000021224,0.0003799999999998249,-0.0004440000000007771,0.0009068,0.0010763
17,88,2.099999999671809e-05,0.0006820000000002935,0.00043699999999979866,-0.0004710000000018866,0.0006000000000030425,-0.0006590000000006313,0.0005510000000006343,-0.0005680000000021224,0.0003799999999998249,-0.0004440000000007771,0.0007879,0.0010782
18,89,1.4000000000180535e-05,0.0006919999999999149,0.00043699999999979866,-0.0004710000000018866,0.0006000000000030425,-0.0006590000000006313,0.0005510000000006343,-0.0005680000000021224,0.0003790000000023497,-0.0004440000000007771,0.000682,0.0010769
19,90,7.999999994012796e-06,0.0007020000000004245,0.00043699999999979866,-0.0004710000000018866,0.0006010000000005178,-0.0006590000000006313,0.0005510000000006343,-0.0005680000000021224,0.0003790000000023497,-0.0004440000000007771,0.0005805,0.0010776
20,91,5.999999999062311e-06,0.0006909999999997751,0.00043699999999979866,-0.0004710000000018866,0.0006010000000005178,-0.0006590000000006313,0.0005510000000006343,-0.0005680000000021224,0.0003790000000023497,-0.0004440000000007771,0.0005805,0.0010776
21,92,1.4999999997655777e-05,0.0006750000000002032,0.00043699999999979866,-0.0004710000000018866,0.0006010000000005178,-0.0006590000000006313,0.0005510000000006343,-0.0005680000000021224,0.0003790000000023497,-0.0004440000000007771,0.0005805,0.0010776
22,93,1.8999999994662176e-05,0.0006590000000006313,0.00043699999999979866,-0.0004710000000018866,0.0006010000000005178,-0.0006590000000006313,0.0005510000000006343,-0.0005680000000021224,0.0003790000000023497,-0.0004440000000007771,0.0005805,0.0010776
23,94,2.199999999419333e-05,0.0006450000000004508,0.00043699999999979866,-0.0004710000000018866,0.0006010000000005178,-0.0006600000000007711,0.0005510000000006343,-0.0005690000000022621,0.0003790000000023497,-0.0004440000000007771,0.0005805,0.0010776
24,95,2.4999999993724487e-05,0.0006300000000001305,0.00043699999999979866,-0.0004710000000018866,0.0006010000000005178,-0.0006600000000007711,0.0005500000000031591,-0.0005690000000022621,0.00037800000000487444,-0.0004440000000007771,0.0005805,0.0010776
25,96,3.0999999999892225e-05,0.0006180000000002295,0.00043699999999979866,-0.0004710000000018866,0.0006010000000005178,-0.0006600000000007711,0.0005500000000031591,-0.0005700000000024019,0.00037800000000487444,-0.0004440000000007771,0.0005805,0.0010776
26,97,3.799999999642978e-05,0.000600000000000378,0.00043699999999979866,-0.0004710000000018866,0.0006010000000005178,-0.0006600000000007711,0.0005500000000031591,-0.0005700000000024019,0.00037800000000487444,-0.0004440000000007771,0.0005805,0.0010776
27,98,4.500000000007276e-05,0.0005890000000006168,0.00043699999999979866,-0.0004710000000018866,0.0006010000000005178,-0.0006600000000007711,0.0005500000000031591,-0.0005700000000024019,0.00037800000000487444,-0.0004440000000007771,0.0004257,0.00108
28,99,5.099999999913507e-05,0.0005700000000006256,0.00043699999999979866,-0.0004710000000018866,0.0006010000000005178,-0.0006600000000007711,0.0005500000000031591,-0.0005700000000024019,0.00037800000000487444,-0.0004440000000007771,0.0003902,0.0010812
29,100,5.699999999819738e-05,0.0005579999999998364,0.00043699999999979866,-0.0004710000000018866,0.0006000000000030425,-0.0006600000000007711,0.0005500000000031591,-0.0005700000000024019,0.00037800000000487444,-0.0004440000000007771,0.0003902,0.0010812
30,101,6.299999999725969e-05,0.0005410000000001247,0.00043699999999979866,-0.0004710000000018866,0.0006000000000030425,-0.0006600000000007711,0.0005500000000031591,-0.0005700000000024019,0.00037800000000487444,-0.0004440000000007771,0.0003902,0.0010812
31,102,6.8999999996322e-05,0.0005290000000002237,0.00043699999999979866,-0.0004710000000018866,0.0006000000000030425,-0.0006600000000007711,0.0005500000000031591,-0.0005700000000024019,0.00037800000000487444,-0.0004440000000007771,0.0003902,0.0010812
32,103,7.799999999491547e-05,0.0005259999999998044,0.00043699999999979866,-0.0004710000000018866,0.0006000000000030425,-0.0006600000000007711,0.0005500000000031591,-0.0005700000000024019,0.00037700000000029377,-0.0004440000000007771,0.0003929,0.0010825
33,104,8.79999999980896e-05,0.0005170000000003228,0.00043699999999979866,-0.0004710000000018866,0.0006000000000030425,-0.0006600000000007711,0.0005500000000031591,-0.0005700000000024019,0.00037700000000029377,-0.0004440000000007771,0.0004926,0.0010851
34,105,9.799999999415832e-05,0.000528000000000084,0.0004360000000023234,-0.0004710000000018866,0.0006000000000030425,-0.0006600000000007711,0.0005500000000031591,-0.0005700000000024019,0.00037800000000487444,-0.0004440000000007771,0.0007376,0.0010858
35,106,0.00010299999999574538,0.0005399999999999849,0.0004360000000023234,-0.0004700000000017468,0.0006000000000030425,-0.0006600000000007711,0.0005500000000031591,-0.0005700000000024019,0.00037800000000487444,-0.0004440000000007771,0.0008365,0.0010846
36,107,0.00010299999999574538,0.0005430000000004043,0.0004360000000023234,-0.0004700000000017468,0.0006000000000030425,-0.0006600000000007711,0.0005500000000031591,-0.0005690000000022621,0.00037800000000487444,-0.0004450000000009169,0.0009338,0.0010854
37,108,8.899999999556485e-05,0.0005540000000001655,0.0004360000000023234,-0.0004700000000017468,0.0005990000000055673,-0.0006600000000007711,0.0005500000000031591,-0.0005690000000022621,0.00037800000000487444,-0.0004450000000009169,0.0010202,0.0010884
38,109,7.599999999996498e-05,0.0005740000000002965,0.0004350000000048482,-0.0004700000000017468,0.0005990000000055673,-0.0006600000000007711,0.0005500000000031591,-0.0005690000000022621,0.00037800000000487444,-0.0004450000000009169,0.0011102,0.0010751
39,110,6.399999999473494e-05,0.0005899999999998684,0.0004360000000023234,-0.0004700000000017468,0.0006000000000030425,-0.0006590000000006313,0.0005490000000056838,-0.0005690000000022621,0.00037800000000487444,-0.0004450000000009169,0.0011493,0.0010691
40,111,5.099999999913507e-05,0.0006140000000005585,0.0004360000000023234,-0.0004700000000017468,0.0006000000000030425,-0.0006590000000006313,0.0005490000000056838,-0.0005690000000022621,0.00037800000000487444,-0.0004450000000009169,0.0011142,0.0010708
41,112,3.999999999848569e-05,0.00063200000000041,0.0004360000000023234,-0.0004700000000017468,0.0006000000000030425,-0.0006580000000004915,0.0005490000000056838,-0.0005690000000022621,0.00037700000000029377,-0.0004450000000009169,0.0010557,0.0010807
42,113,2.9999999995311555e-05,0.0006460000000005905,0.0004360000000023234,-0.0004700000000017468,0.0006000000000030425,-0.0006580000000004915,0.0005490000000056838,-0.0005690000000022621,0.00037700000000029377,-0.0004440000000007771,0.0009643,0.0010765
43,114,1.8999999994662176e-05,0.0006570000000003517,0.0004360000000023234,-0.0004700000000017468,0.0006000000000030425,-0.0006570000000003517,0.0005490000000056838,-0.0005690000000022621,0.00037700000000029377,-0.0004440000000007771,0.0008481,0.001077
44,115,1.1999999998124622e-05,0.0006690000000002527,0.0004360000000023234,-0.0004700000000017468,0.0006000000000030425,-0.0006570000000003517,0.0005490000000056838,-0.0005690000000022621,0.00037700000000029377,-0.0004440000000007771,0.0007574,0.0010779
45,116,2.9999999995311555e-06,0.0006849999999998246,0.0004360000000023234,-0.0004700000000017468,0.0006000000000030425,-0.000656000000000212,0.0005490000000056838,-0.0005690000000022621,0.00037700000000029377,-0.0004440000000007771,0.0006411,0.0010786
46,117,-2.0000000020559128e-06,0.0006830000000004333,0.0004350000000048482,-0.000469000000001607,0.0006000000000030425,-0.000656000000000212,0.0005490000000056838,-0.0005690000000022621,0.00037700000000029377,-0.0004440000000007771,0.000583,0.0010793
47,118,-1.00000000458067e-06,0.000676000000000343,0.0004350000000048482,-0.000469000000001607,0.0006000000000030425,-0.000656000000000212,0.0005490000000056838,-0.0005690000000022621,0.00037700000000029377,-0.0004440000000007771,0.000583,0.0010793
48,119,0.0,0.0006700000000003925,0.0004350000000048482,-0.0004700000000017468,0.0006000000000030425,-0.000656000000000212,0.0005490000000056838,-0.0005690000000022621,0.00037700000000029377,-0.0004440000000007771,0.0004995,0.0010809
49,120,2.9999999995311555e-06,0.0006599999999998829,0.0004350000000048482,-0.0004700000000017468,0.0006000000000030425,-0.0006580000000004915,0.0005490000000056838,-0.0005690000000022621,0.00037700000000029377,-0.0004440000000007771,0.0004995,0.0010809
50,121,7.999999994012796e-06,0.0006479999999999819,0.0004350000000048482,-0.0004700000000017468,0.0006000000000030425,-0.0006580000000004915,0.0005490000000056838,-0.0005700000000024019,0.00037700000000029377,-0.0004440000000007771,0.0004995,0.0010809
51,122,1.4000000000180535e-05,0.0006230000000000402,0.0004350000000048482,-0.0004700000000017468,0.0005990000000055673,-0.0006580000000004915,0.0005490000000056838,-0.0005700000000024019,0.00037700000000029377,-0.0004440000000007771,0.0004995,0.0010809
52,123,1.8999999994662176e-05,0.0006110000000001392,0.0004350000000048482,-0.0004700000000017468,0.0005990000000055673,-0.0006580000000004915,0.0005490000000056838,-0.0005700000000024019,0.00037700000000029377,-0.0004440000000007771,0.0004995,0.0010809
53,124,2.5999999998305157e-05,0.0005870000000003373,0.0004350000000048482,-0.0004700000000017468,0.0005980000000009866,-0.0006580000000004915,0.0005490000000056838,-0.0005700000000024019,0.00037700000000029377,-0.0004440000000007771,0.0003451,0.001082
54,125,3.0999999999892225e-05,0.0005709999999998772,0.0004340000000002675,-0.0004700000000017468,0.0005980000000009866,-0.0006580000000004915,0.0005500000000031591,-0.0005710000000016535,0.00037700000000029377,-0.0004440000000007771,0.0002647,0.0010825
55,126,3.6999999998954536e-05,0.0005519999999998859,0.0004340000000002675,-0.0004700000000017468,0.0005980000000009866,-0.0006570000000003517,0.0005490000000056838,-0.0005710000000016535,0.00037700000000029377,-0.0004440000000007771,0.0002647,0.0010825
56,127,4.399999999549209e-05,0.000528000000000084,0.0004340000000002675,-0.0004700000000017468,0.0005980000000009866,-0.0006570000000003517,0.0005490000000056838,-0.0005710000000016535,0.00037700000000029377,-0.0004440000000007771,0.0002647,0.0010825
57,128,5.2999999994085556e-05,0.0005220000000001335,0.0004340000000002675,-0.0004700000000017468,0.0005980000000009866,-0.0006570000000003517,0.0005490000000056838,-0.0005710000000016535,0.00037700000000029377,-0.0004440000000007771,0.0002647,0.0010825
58,129,5.3999999998666226e-05,0.0005110000000003723,0.0004340000000002675,-0.0004700000000017468,0.0005980000000009866,-0.0006570000000003517,0.0005490000000056838,-0.0005710000000016535,0.00037700000000029377,-0.0004440000000007771,0.0002647,0.0010825
59,130,5.499999999614147e-05,0.0005050000000004218,0.0004340000000002675,-0.0004700000000017468,0.0005980000000009866,-0.0006570000000003517,0.0005500000000031591,-0.0005710000000016535,0.00037700000000029377,-0.0004440000000007771,0.0002939,0.0010829
60,131,5.9000000000253294e-05,0.0005069999999998132,0.0004340000000002675,-0.0004700000000017468,0.0005980000000009866,-0.0006570000000003517,0.0005500000000031591,-0.0005710000000016535,0.00037700000000029377,-0.0004440000000007771,0.0005477,0.0010819
61,132,6.399999999473494e-05,0.0005170000000003228,0.0004340000000002675,-0.0004700000000017468,0.0005980000000009866,-0.0006580000000004915,0.0005500000000031591,-0.0005710000000016535,0.00037700000000029377,-0.0004440000000007771,0.0008252,0.0010811
62,133,7.29999999933284e-05,0.0005350000000001742,0.0004340000000002675,-0.0004700000000017468,0.0005980000000009866,-0.0006580000000004915,0.0005500000000031591,-0.0005710000000016535,0.00037700000000029377,-0.0004440000000007771,0.0009181,0.0010812
63,134,7.799999999491547e-05,0.0005430000000004043,0.00043300000000279226,-0.0004700000000017468,0.0005980000000009866,-0.0006580000000004915,0.0005500000000031591,-0.0005710000000016535,0.00037700000000029377,-0.0004440000000007771,0.0009766,0.0010806
64,135,6.799999999884676e-05,0.0005649999999999267,0.00043300000000279226,-0.0004700000000017468,0.0005980000000009866,-0.0006580000000004915,0.0005500000000031591,-0.0005710000000016535,0.00037700000000029377,-0.0004440000000007771,0.0010945,0.0010737
65,136,5.499999999614147e-05,0.0005820000000005265,0.00043300000000279226,-0.0004700000000017468,0.0005980000000009866,-0.0006580000000004915,0.0005500000000031591,-0.0005710000000016535,0.0003760000000028185,-0.0004440000000007771,0.0011197,0.0010722
66,137,4.5999999997548e-05,0.0006010000000005178,0.00043300000000279226,-0.0004700000000017468,0.0005980000000009866,-0.0006580000000004915,0.0005500000000031591,-0.0005700000000024019,0.0003760000000028185,-0.0004440000000007771,0.0011295,0.0010718
67,138,3.6999999998954536e-05,0.00062400000000018,0.00043300000000279226,-0.0004700000000017468,0.0005980000000009866,-0.0006580000000004915,0.0005500000000031591,-0.0005700000000024019,0.0003750000000053433,-0.0004440000000007771,0.0010717,0.0010748
68,139,2.8999999997836312e-05,0.0006370000000002207,0.00043300000000279226,-0.0004700000000017468,0.0005980000000009866,-0.0006580000000004915,0.0005500000000031591,-0.0005700000000024019,0.0003750000000053433,-0.0004440000000007771,0.0009695,0.0010826
69,140,1.9999999999242846e-05,0.0006529999999997926,0.00043300000000279226,-0.0004700000000017468,0.0005980000000009866,-0.0006580000000004915,0.0005500000000031591,-0.0005700000000024019,0.0003750000000053433,-0.0004440000000007771,0.0009056,0.00108
70,141,1.1999999998124622e-05,0.0006620000000001625,0.000432000000005317,-0.0004700000000017468,0.0005980000000009866,-0.0006580000000004915,0.0005510000000006343,-0.0005700000000024019,0.0003750000000053433,-0.0004440000000007771,0.000804,0.0010784
71,142,3.999999997006398e-06,0.0006729999999999237,0.000432000000005317,-0.0004700000000017468,0.0005980000000009866,-0.0006590000000006313,0.0005510000000006343,-0.0005700000000024019,0.0003750000000053433,-0.0004440000000007771,0.000695,0.0010784
72,143,-2.0000000020559128e-06,0.0006870000000001042,0.000432000000005317,-0.0004710000000018866,0.0005980000000009866,-0.0006590000000006313,0.0005510000000006343,-0.0005700000000024019,0.0003750000000053433,-0.0004440000000007771,0.0006775,0.0010787
73,144,-5.000000001587068e-06,0.0006890000000003837,0.000432000000005317,-0.0004710000000018866,0.0005970000000035114,-0.0006580000000004915,0.0005510000000006343,-0.0005700000000024019,0.0003750000000053433,-0.0004440000000007771,0.0006775,0.0010787
74,145,-2.0000000020559128e-06,0.0006810000000001537,0.000432000000005317,-0.0004710000000018866,0.0005970000000035114,-0.0006580000000004915,0.0005510000000006343,-0.0005690000000022621,0.0003750000000053433,-0.0004440000000007771,0.0006775,0.0010787
75,146,9.999999974752427e-07,0.0006659999999998334,0.000432000000005317,-0.0004710000000018866,0.0005970000000035114,-0.0006580000000004915,0.0005510000000006343,-0.0005690000000022621,0.0003750000000053433,-0.0004440000000007771,0.0006775,0.0010787
76,147,5.999999999062311e-06,0.0006529999999997926,0.000432000000005317,-0.0004710000000018866,0.0005960000000060361,-0.0006570000000003517,0.0005510000000006343,-0.0005690000000022621,0.0003750000000053433,-0.0004440000000007771,0.0006222,0.0010795
77,148,1.0999999993543952e-05,0.0006349999999999412,0.000432000000005317,-0.0004710000000018866,0.0005960000000060361,-0.0006570000000003517,0.0005510000000006343,-0.0005680000000021224,0.0003750000000053433,-0.0004440000000007771,0.0006222,0.0010795
78,149,1.7999999997186933e-05,0.0006159999999999499,0.000432000000005317,-0.0004710000000018866,0.0005960000000060361,-0.0006570000000003517,0.0005510000000006343,-0.0005680000000021224,0.0003750000000053433,-0.0004440000000007771,0.0006222,0.0010795
79,150,2.69999999957804e-05,0.000600000000000378,0.00043100000000073635,-0.0004710000000018866,0.0005960000000060361,-0.0006570000000003517,0.0005510000000006343,-0.0005680000000021224,0.0003750000000053433,-0.0004440000000007771,0.0005723,0.0010796
80,151,3.199999999736747e-05,0.0005870000000003373,0.00043100000000073635,-0.0004710000000018866,0.0005960000000060361,-0.0006570000000003517,0.0005510000000006343,-0.0005680000000021224,0.0003750000000053433,-0.0004440000000007771,0.0004407,0.0010807
81,152,3.799999999642978e-05,0.0005670000000002062,0.00043100000000073635,-0.0004710000000018866,0.0005960000000060361,-0.000656000000000212,0.0005510000000006343,-0.0005680000000021224,0.0003740000000007626,-0.0004440000000007771,0.0004427,0.00108
82,153,4.399999999549209e-05,0.000560000000000116,0.00043100000000073635,-0.0004710000000018866,0.0005960000000060361,-0.000656000000000212,0.0005510000000006343,-0.0005680000000021224,0.0003740000000007626,-0.0004440000000007771,0.0004427,0.00108
83,154,4.99999999945544e-05,0.000544000000000544,0.00043100000000073635,-0.0004710000000018866,0.0005960000000060361,-0.000656000000000212,0.0005510000000006343,-0.0005680000000021224,0.0003740000000007626,-0.0004440000000007771,0.0004427,0.00108
84,155,5.7999999995672624e-05,0.0005199999999998539,0.00043100000000073635,-0.00047200000000202635,0.0005960000000060361,-0.0006550000000009604,0.0005510000000006343,-0.0005680000000021224,0.0003750000000053433,-0.0004440000000007771,0.0004427,0.00108
85,156,6.099999999520378e-05,0.000504000000000282,0.00043100000000073635,-0.0004710000000018866,0.0005960000000060361,-0.0006550000000009604,0.0005510000000006343,-0.0005680000000021224,0.0003740000000007626,-0.0004440000000007771,0.0004427,0.00108
86,157,6.49999999993156e-05,0.0004830000000000112,0.00043100000000073635,-0.00047200000000202635,0.0005960000000060361,-0.0006550000000009604,0.0005510000000006343,-0.0005680000000021224,0.0003740000000007626,-0.0004440000000007771,0.0004512,0.0010793
87,158,6.599999999679085e-05,0.000492000000000381,0.00043100000000073635,-0.00047200000000202635,0.0005960000000060361,-0.0006550000000009604,0.0005510000000006343,-0.0005680000000021224,0.0003740000000007626,-0.0004450000000009169,0.000535,0.0010806
88,159,6.099999999520378e-05,0.0005050000000004218,0.0004300000000032611,-0.00047200000000202635,0.0005960000000060361,-0.0006550000000009604,0.0005510000000006343,-0.0005680000000021224,0.00037300000000328737,-0.0004450000000009169,0.0007149,0.0010808
89,160,5.199999999661031e-05,0.0005310000000005033,0.0004300000000032611,-0.00047200000000202635,0.0005960000000060361,-0.0006550000000009604,0.0005510000000006343,-0.0005680000000021224,0.0003740000000007626,-0.0004450000000009169,0.0008654,0.0010814
90,161,4.6999999995023245e-05,0.0005579999999998364,0.0004300000000032611,-0.00047200000000202635,0.0005960000000060361,-0.0006550000000009604,0.0005510000000006343,-0.0005680000000021224,0.0003740000000007626,-0.0004450000000009169,0.0010086,0.0010824
91,162,4.0999999995960934e-05,0.0005750000000004363,0.0004300000000032611,-0.00047200000000202635,0.0005970000000035114,-0.0006550000000009604,0.0005510000000006343,-0.0005670000000019826,0.00037300000000328737,-0.0004460000000001685,0.0010802,0.0010713
92,163,3.299999999484271e-05,0.0005940000000004275,0.0004300000000032611,-0.00047200000000202635,0.0005970000000035114,-0.0006550000000009604,0.0005510000000006343,-0.0005670000000019826,0.00037300000000328737,-0.0004460000000001685,0.0010878,0.0010711
93,164,2.8999999997836312e-05,0.0006089999999998597,0.0004300000000032611,-0.00047200000000202635,0.0005970000000035114,-0.0006550000000009604,0.0005510000000006343,-0.0005660000000018428,0.00037300000000328737,-0.0004460000000001685,0.0010861,0.0010721
94,165,2.3999999996249244e-05,0.0006289999999999907,0.0004300000000032611,-0.00047200000000202635,0.0005970000000035114,-0.0006550000000009604,0.0005500000000031591,-0.0005660000000018428,0.00037300000000328737,-0.0004460000000001685,0.0010029,0.0010744
95,166,2.099999999671809e-05,0.0006450000000004508,0.0004300000000032611,-0.00047200000000202635,0.0005970000000035114,-0.000656000000000212,0.0005500000000031591,-0.0005660000000018428,0.00037300000000328737,-0.0004460000000001685,0.0008901,0.0010794
96,167,1.4000000000180535e-05,0.000656000000000212,0.0004300000000032611,-0.00047200000000202635,0.0005970000000035114,-0.0006550000000009604,0.0005500000000031591,-0.000565000000001703,0.00037300000000328737,-0.0004460000000001685,0.0007977,0.0010768
97,168,1.2999999995599865e-05,0.0006690000000002527,0.00042900000000578586,-0.00047200000000202635,0.0005970000000035114,-0.0006550000000009604,0.0005500000000031591,-0.000565000000001703,0.0003720000000058121,-0.00044700000000030826,0.0007069,0.0010756
98,169,1.1999999998124622e-05,0.0006849999999998246,0.0004300000000032611,-0.00047200000000202635,0.0005970000000035114,-0.0006550000000009604,0.0005500000000031591,-0.0005640000000015633,0.0003720000000058121,-0.00044700000000030826,0.0006046,0.0010756
99,170,1.2999999995599865e-05,0.0006849999999998246,0.00042900000000578586,-0.00047200000000202635,0.0005960000000060361,-0.0006540000000008206,0.0005500000000031591,-0.0005640000000015633,0.00037100000000123146,-0.00044700000000030826,0.0006046,0.0010756
100,171,1.7999999997186933e-05,0.000676000000000343,0.0004300000000032611,-0.00047200000000202635,0.0005960000000060361,-0.0006540000000008206,0.0005500000000031591,-0.0005630000000023117,0.00037100000000123146,-0.00044700000000030826,0.0006046,0.0010756
101,172,2.2999999998774e-05,0.0006630000000003022,0.0004300000000032611,-0.00047200000000202635,0.0005960000000060361,-0.0006540000000008206,0.0005500000000031591,-0.0005630000000023117,0.0003700000000037562,-0.00044700000000030826,0.0006046,0.0010756
102,173,2.800000000036107e-05,0.0006510000000004013,0.0004300000000032611,-0.00047300000000127795,0.0005960000000060361,-0.0006540000000008206,0.0005500000000031591,-0.0005630000000023117,0.0003700000000037562,-0.0004460000000001685,0.000473,0.001077
103,174,2.9999999995311555e-05,0.0006400000000006401,0.00042900000000578586,-0.00047300000000127795,0.0005960000000060361,-0.0006530000000006808,0.0005500000000031591,-0.0005630000000023117,0.0003700000000037562,-0.0004460000000001685,0.0003787,0.0010806
104,175,3.299999999484271e-05,0.000620000000000509,0.00042900000000578586,-0.00047300000000127795,0.0005960000000060361,-0.0006530000000006808,0.0005500000000031591,-0.0005630000000023117,0.0003700000000037562,-0.0004460000000001685,0.0003337,0.0010809
105,176,3.799999999642978e-05,0.0005990000000002382,0.00042900000000578586,-0.00047300000000127795,0.0005960000000060361,-0.000652000000000541,0.0005500000000031591,-0.0005630000000023117,0.00036900000000628097,-0.0004460000000001685,0.0003337,0.0010809
106,177,4.299999999801685e-05,0.0005790000000001072,0.00042900000000578586,-0.00047300000000127795,0.0005960000000060361,-0.000652000000000541,0.0005500000000031591,-0.0005630000000023117,0.00036900000000628097,-0.0004460000000001685,0.0002806,0.0010827
107,178,4.6999999995023245e-05,0.000560000000000116,0.00042900000000578586,-0.00047300000000127795,0.0005960000000060361,-0.0006510000000004013,0.0005500000000031591,-0.0005620000000021719,0.00036900000000628097,-0.0004460000000001685,0.0002806,0.0010827
108,179,5.2999999994085556e-05,0.0005430000000004043,0.00042900000000578586,-0.00047300000000127795,0.0005960000000060361,-0.0006510000000004013,0.0005500000000031591,-0.0005620000000021719,0.00036900000000628097,-0.0004460000000001685,0.0002806,0.0010827
109,180,5.999999999772854e-05,0.0005259999999998044,0.00042900000000578586,-0.00047300000000127795,0.0005960000000060361,-0.0006510000000004013,0.0005510000000006343,-0.0005620000000021719,0.00036900000000628097,-0.0004460000000001685,0.0002806,0.0010827
110,181,6.599999999679085e-05,0.0005129999999997636,0.00042900000000578586,-0.00047300000000127795,0.0005960000000060361,-0.000652000000000541,0.0005510000000006343,-0.0005620000000021719,0.00036900000000628097,-0.0004460000000001685,0.000276,0.0010842
111,182,6.999999999379725e-05,0.0004930000000005208,0.00042900000000578586,-0.00047300000000127795,0.0005960000000060361,-0.0006510000000004013,0.0005510000000006343,-0.0005620000000021719,0.0003680000000017003,-0.0004460000000001685,0.0002827,0.0010846
112,183,7.599999999996498e-05,0.000484000000000151,0.00042900000000578586,-0.00047300000000127795,0.0005960000000060361,-0.0006510000000004013,0.0005510000000006343,-0.0005620000000021719,0.0003680000000017003,-0.0004460000000001685,0.0005105,0.0010842
113,184,8.19999999990273e-05,0.0005020000000000024,0.00042900000000578586,-0.00047300000000127795,0.0005960000000060361,-0.0006500000000002615,0.0005510000000006343,-0.0005620000000021719,0.0003680000000017003,-0.0004460000000001685,0.0007495,0.0010815
114,185,8.299999999650254e-05,0.0005180000000004625,0.00042900000000578586,-0.00047300000000127795,0.0005960000000060361,-0.0006500000000002615,0.0005510000000006343,-0.0005620000000021719,0.0003680000000017003,-0.0004460000000001685,0.0008386,0.0010818
115,186,8.099999999444663e-05,0.0005459999999999354,0.00042900000000578586,-0.00047300000000127795,0.0005960000000060361,-0.0006500000000002615,0.0005510000000006343,-0.0005630000000023117,0.0003680000000017003,-0.0004460000000001685,0.0009338,0.0010824
116,187,7.499999999538431e-05,0.0005670000000002062,0.00042900000000578586,-0.00047300000000127795,0.0005960000000060361,-0.0006500000000002615,0.0005510000000006343,-0.0005630000000023117,0.0003680000000017003,-0.0004460000000001685,0.0010138,0.001081
117,188,6.399999999473494e-05,0.0005930000000002877,0.00042900000000578586,-0.00047300000000127795,0.0005960000000060361,-0.0006500000000002615,0.0005510000000006343,-0.0005630000000023117,0.0003680000000017003,-0.0004460000000001685,0.0010976,0.0010726
118,189,5.499999999614147e-05,0.0006130000000004188,0.00042900000000578586,-0.00047300000000127795,0.0005960000000060361,-0.0006500000000002615,0.0005510000000006343,-0.0005630000000023117,0.00036700000000422506,-0.0004460000000001685,0.0011049,0.0010725
119,190,4.500000000007276e-05,0.0006330000000005498,0.00042900000000578586,-0.00047300000000127795,0.0005960000000060361,-0.0006500000000002615,0.0005510000000006343,-0.0005630000000023117,0.00036700000000422506,-0.0004460000000001685,0.0011083,0.0010712
120,191,3.6999999998954536e-05,0.0006469999999998421,0.0004280000000012052,-0.00047300000000127795,0.0005960000000060361,-0.0006500000000002615,0.0005510000000006343,-0.0005630000000023117,0.00036700000000422506,-0.0004460000000001685,0.0010402,0.001072
121,192,2.9999999995311555e-05,0.0006650000000005818,0.0004280000000012052,-0.00047300000000127795,0.0005960000000060361,-0.0006500000000002615,0.000552000000005215,-0.0005630000000023117,0.00036700000000422506,-0.0004460000000001685,0.0008807,0.0010764
122,193,1.8999999994662176e-05,0.0006780000000006225,0.0004280000000012052,-0.00047300000000127795,0.0005960000000060361,-0.0006500000000002615,0.000552000000005215,-0.0005630000000023117,0.0003660000000067498,-0.0004460000000001685,0.0007687,0.0010754
123,194,1.0999999993543952e-05,0.0006900000000005235,0.0004280000000012052,-0.00047300000000127795,0.0005960000000060361,-0.0006490000000001217,0.000552000000005215,-0.0005630000000023117,0.0003660000000067498,-0.0004450000000009169,0.000685,0.0010766
124,195,5.999999999062311e-06,0.0006990000000000052,0.0004280000000012052,-0.00047300000000127795,0.0005960000000060361,-0.0006490000000001217,0.000552000000005215,-0.0005630000000023117,0.0003660000000067498,-0.0004450000000009169,0.0005675,0.0010795
125,196,8.999999998593466e-06,0.0006950000000003342,0.0004280000000012052,-0.00047300000000127795,0.0005950000000014555,-0.0006490000000001217,0.000552000000005215,-0.0005630000000023117,0.0003660000000067498,-0.0004450000000009169,0.0005675,0.0010795
126,197,1.1999999998124622e-05,0.000684000000000573,0.0004280000000012052,-0.00047300000000127795,0.0005950000000014555,-0.0006490000000001217,0.000552000000005215,-0.0005640000000015633,0.0003660000000067498,-0.0004450000000009169,0.0005675,0.0010795
127,198,1.699999999971169e-05,0.000664000000000442,0.00042700000000372995,-0.00047300000000127795,0.0005950000000014555,-0.0006480000000008701,0.000552000000005215,-0.000565000000001703,0.0003660000000067498,-0.0004450000000009169,0.000378,0.0010836
128,199,2.4999999993724487e-05,0.0006479999999999819,0.00042700000000372995,-0.00047300000000127795,0.0005950000000014555,-0.0006480000000008701,0.000552000000005215,-0.000565000000001703,0.0003660000000067498,-0.0004450000000009169,0.0003388,0.0010836
129,200,3.299999999484271e-05,0.0006279999999998509,0.00042700000000372995,-0.00047300000000127795,0.0005960000000060361,-0.0006480000000008701,0.000552000000005215,-0.0005640000000015633,0.0003660000000067498,-0.0004450000000009169,0.0003388,0.0010836
130,201,3.999999999848569e-05,0.0006060000000003285,0.00042700000000372995,-0.00047300000000127795,0.0005960000000060361,-0.0006480000000008701,0.000552000000005215,-0.0005630000000023117,0.0003660000000067498,-0.0004450000000009169,0.0003388,0.0010836
131,202,4.7999999999603915e-05,0.0005850000000000577,0.00042700000000372995,-0.00047300000000127795,0.0005960000000060361,-0.0006480000000008701,0.000552000000005215,-0.0005630000000023117,0.00036500000000216914,-0.0004450000000009169,0.0002748,0.0010835
132,203,5.3999999998666226e-05,0.0005649999999999267,0.00042700000000372995,-0.00047300000000127795,0.0005960000000060361,-0.0006470000000007303,0.0005510000000006343,-0.0005640000000015633,0.00036500000000216914,-0.0004450000000009169,0.0002489,0.0010824
133,204,6.099999999520378e-05,0.0005510000000006343,0.00042700000000372995,-0.00047300000000127795,0.0005960000000060361,-0.0006460000000005905,0.0005510000000006343,-0.0005640000000015633,0.00036500000000216914,-0.0004450000000009169,0.0002489,0.0010824
134,205,7.599999999996498e-05,0.0005459999999999354,0.00042700000000372995,-0.00047300000000127795,0.0005960000000060361,-0.0006460000000005905,0.0005510000000006343,-0.0005640000000015633,0.00036500000000216914,-0.0004450000000009169,0.0002489,0.0010824
135,206,7.899999999949614e-05,0.0005180000000004625,0.00042700000000372995,-0.00047300000000127795,0.0005960000000060361,-0.0006460000000005905,0.0005510000000006343,-0.0005640000000015633,0.00036500000000216914,-0.0004450000000009169,0.0002489,0.0010824
136,207,8.299999999650254e-05,0.0005110000000003723,0.00042700000000372995,-0.00047300000000127795,0.0005960000000060361,-0.0006460000000005905,0.0005510000000006343,-0.0005640000000015633,0.00036500000000216914,-0.0004450000000009169,0.0002665,0.0010823
137,208,8.899999999556485e-05,0.0005259999999998044,0.00042700000000372995,-0.00047300000000127795,0.0005960000000060361,-0.0006460000000005905,0.0005500000000031591,-0.0005640000000015633,0.00036500000000216914,-0.0004440000000007771,0.0003134,0.0010818
138,209,9.000000000014552e-05,0.0005380000000005936,0.00042700000000372995,-0.00047300000000127795,0.0005960000000060361,-0.0006460000000005905,0.0005500000000031591,-0.0005640000000015633,0.00036500000000216914,-0.0004440000000007771,0.0006256,0.0010787
139,210,9.1999999995096e-05,0.000556000000000445,0.00042700000000372995,-0.00047300000000127795,0.0005960000000060361,-0.0006460000000005905,0.0005500000000031591,-0.0005640000000015633,0.00036500000000216914,-0.0004440000000007771,0.0009357,0.0010796
140,211,8.099999999444663e-05,0.000580000000000247,0.00042700000000372995,-0.00047300000000127795,0.0005960000000060361,-0.0006460000000005905,0.0005500000000031591,-0.0005640000000015633,0.00036500000000216914,-0.0004440000000007771,0.0010338,0.0010793
141,212,7.099999999837792e-05,0.0006010000000005178,0.00042700000000372995,-0.00047300000000127795,0.0005960000000060361,-0.0006460000000005905,0.0005500000000031591,-0.0005640000000015633,0.00036500000000216914,-0.0004440000000007771,0.0010338,0.0010793
142,213,6.299999999725969e-05,0.000620000000000509,0.0004260000000062547,-0.00047300000000127795,0.0005960000000060361,-0.0006460000000005905,0.0005500000000031591,-0.0005640000000015633,0.00036500000000216914,-0.0004440000000007771,0.0010338,0.0010793
143,214,5.599999999361671e-05,0.0006390000000005003,0.0004260000000062547,-0.00047300000000127795,0.0005960000000060361,-0.0006460000000005905,0.0005500000000031591,-0.0005640000000015633,0.00036500000000216914,-0.0004440000000007771,0.0010509,0.001081
144,215,4.6999999995023245e-05,0.000656000000000212,0.0004260000000062547,-0.00047300000000127795,0.0005960000000060361,-0.0006460000000005905,0.0005500000000031591,-0.0005640000000015633,0.00036500000000216914,-0.0004440000000007771,0.0010146,0.0010785
145,216,3.999999999848569e-05,0.0006700000000003925,0.0004260000000062547,-0.00047300000000127795,0.0005960000000060361,-0.0006460000000005905,0.0005500000000031591,-0.000565000000001703,0.00036500000000216914,-0.0004440000000007771,0.0009008,0.0010781
146,217,3.0999999999892225e-05,0.0006800000000000139,0.0004260000000062547,-0.00047300000000127795,0.0005960000000060361,-0.0006460000000005905,0.0005500000000031591,-0.000565000000001703,0.00036500000000216914,-0.0004440000000007771,0.0007898,0.0010776
147,218,2.199999999419333e-05,0.0006919999999999149,0.00042500000000167404,-0.00047300000000127795,0.0005950000000014555,-0.0006460000000005905,0.0005500000000031591,-0.000565000000001703,0.00036500000000216914,-0.0004440000000007771,0.0006424,0.001077
148,219,1.4999999997655777e-05,0.000700000000000145,0.00042500000000167404,-0.00047300000000127795,0.0005940000000039802,-0.0006460000000005905,0.0005500000000031591,-0.000565000000001703,0.00036500000000216914,-0.0004440000000007771,0.0005647,0.001076
149,220,1.2999999995599865e-05,0.0006990000000000052,0.00042500000000167404,-0.00047300000000127795,0.0005940000000039802,-0.0006450000000004508,0.0005500000000031591,-0.000565000000001703,0.0003640000000046939,-0.0004440000000007771,0.0005647,0.001076
150,221,1.699999999971169e-05,0.0006940000000001945,0.0004260000000062547,-0.00047300000000127795,0.000593000000006505,-0.0006450000000004508,0.0005500000000031591,-0.000565000000001703,0.0003640000000046939,-0.0004440000000007771,0.0005647,0.001076
151,222,2.099999999671809e-05,0.000684000000000573,0.00042500000000167404,-0.00047300000000127795,0.000593000000006505,-0.0006460000000005905,0.0005500000000031591,-0.000565000000001703,0.0003640000000046939,-0.0004440000000007771,0.0005647,0.001076
152,223,2.5999999998305157e-05,0.0006700000000003925,0.00042500000000167404,-0.00047300000000127795,0.000593000000006505,-0.0006460000000005905,0.0005500000000031591,-0.000565000000001703,0.0003640000000046939,-0.0004440000000007771,0.0004858,0.0010792
153,224,3.299999999484271e-05,0.0006500000000002615,0.00042500000000167404,-0.00047300000000127795,0.000593000000006505,-0.0006480000000008701,0.0005500000000031591,-0.000565000000001703,0.0003640000000046939,-0.0004440000000007771,0.0004858,0.0010792
154,225,3.999999999848569e-05,0.0006250000000003197,0.00042500000000167404,-0.00047400000000141773,0.000593000000006505,-0.0006480000000008701,0.0005500000000031591,-0.000565000000001703,0.0003640000000046939,-0.0004440000000007771,0.0004858,0.0010792
155,226,4.6999999995023245e-05,0.0006050000000001887,0.00042500000000167404,-0.00047400000000141773,0.000593000000006505,-0.0006480000000008701,0.0005500000000031591,-0.000565000000001703,0.0003640000000046939,-0.0004440000000007771,0.0004858,0.0010792
156,227,5.199999999661031e-05,0.0005850000000000577,0.00042500000000167404,-0.00047400000000141773,0.000593000000006505,-0.0006480000000008701,0.0005500000000031591,-0.0005660000000018428,0.0003640000000046939,-0.0004440000000007771,0.0004858,0.0010792
157,228,6.799999999884676e-05,0.0005459999999999354,0.0004240000000041988,-0.00047400000000141773,0.000593000000006505,-0.0006480000000008701,0.0005500000000031591,-0.0005660000000018428,0.00036300000000011323,-0.0004440000000007771,0.0004858,0.0010792
158,229,6.799999999884676e-05,0.0005459999999999354,0.0004240000000041988,-0.00047400000000141773,0.000593000000006505,-0.0006480000000008701,0.0005500000000031591,-0.0005660000000018428,0.00036300000000011323,-0.0004440000000007771,0.0004858,0.0010792
159,230,8.099999999444663e-05,0.0005320000000006431,0.0004240000000041988,-0.00047400000000141773,0.000593000000006505,-0.0006490000000001217,0.0005500000000031591,-0.0005660000000018428,0.00036300000000011323,-0.0004440000000007771,0.0004858,0.0010792
160,231,9.699999999668307e-05,0.0005290000000002237,0.0004229999999996181,-0.00047400000000141773,0.000593000000006505,-0.0006490000000001217,0.0005500000000031591,-0.0005670000000019826,0.00036300000000011323,-0.0004440000000007771,0.0004858,0.0010792
161,232,9.699999999668307e-05,0.0005290000000002237,0.0004229999999996181,-0.00047400000000141773,0.000593000000006505,-0.0006500000000002615,0.0005500000000031591,-0.0005670000000019826,0.00036300000000011323,-0.0004440000000007771,0.0005627,0.0010828
162,233,9.999999999621423e-05,0.0005329999999998947,0.0004229999999996181,-0.00047400000000141773,0.000593000000006505,-0.0006500000000002615,0.0005500000000031591,-0.0005660000000018428,0.000362000000002638,-0.0004440000000007771,0.0008101,0.0010873
163,234,8.699999999350894e-05,0.0005430000000004043,0.0004229999999996181,-0.00047400000000141773,0.000593000000006505,-0.0006510000000004013,0.0005500000000031591,-0.0005660000000018428,0.000362000000002638,-0.0004440000000007771,0.0008984,0.0010862
164,235,7.399999999790907e-05,0.0005610000000002557,0.0004220000000021429,-0.00047400000000141773,0.000593000000006505,-0.0006510000000004013,0.0005500000000031591,-0.0005660000000018428,0.000362000000002638,-0.0004440000000007771,0.0008984,0.0010862
165,236,6.299999999725969e-05,0.0005860000000001975,0.00042100000000466764,-0.00047400000000141773,0.000593000000006505,-0.000652000000000541,0.0005500000000031591,-0.0005660000000018428,0.000362000000002638,-0.0004440000000007771,0.0009234,0.0010856
166,237,5.699999999819738e-05,0.0006029999999999092,0.00042100000000466764,-0.00047400000000141773,0.000593000000006505,-0.000652000000000541,0.0005510000000006343,-0.0005660000000018428,0.000362000000002638,-0.0004440000000007771,0.000945,0.0010852
167,238,4.899999999707916e-05,0.0006210000000006488,0.0004220000000021429,-0.00047400000000141773,0.0005920000000019243,-0.0006530000000006808,0.0005510000000006343,-0.0005660000000018428,0.000362000000002638,-0.0004440000000007771,0.0010354,0.0010803
168,239,3.799999999642978e-05,0.0006409999999998917,0.0004220000000021429,-0.0004750000000015575,0.0005920000000019243,-0.0006530000000006808,0.0005510000000006343,-0.0005660000000018428,0.000362000000002638,-0.00044300000000063733,0.0010512,0.001079
169,240,2.5999999998305157e-05,0.0006650000000005818,0.0004220000000021429,-0.0004750000000015575,0.0005920000000019243,-0.0006540000000008206,0.0005510000000006343,-0.000565000000001703,0.000362000000002638,-0.00044300000000063733,0.0008994,0.0010792
170,241,1.699999999971169e-05,0.0006820000000002935,0.0004220000000021429,-0.0004750000000015575,0.0005920000000019243,-0.0006540000000008206,0.0005510000000006343,-0.000565000000001703,0.000362000000002638,-0.00044300000000063733,0.0008022,0.0010787
171,242,9.999999996068709e-06,0.0006990000000000052,0.0004220000000021429,-0.0004750000000015575,0.0005910000000044491,-0.0006550000000009604,0.0005510000000006343,-0.000565000000001703,0.000362000000002638,-0.00044300000000063733,0.000694,0.0010773
172,243,6.999999996537554e-06,0.000708000000000375,0.0004220000000021429,-0.0004750000000015575,0.0005920000000019243,-0.0006550000000009604,0.0005500000000031591,-0.000565000000001703,0.000362000000002638,-0.00044300000000063733,0.0005962,0.0010797
173,244,8.999999998593466e-06,0.0007070000000002352,0.0004220000000021429,-0.0004750000000015575,0.0005920000000019243,-0.0006550000000009604,0.0005500000000031591,-0.000565000000001703,0.000362000000002638,-0.00044300000000063733,0.0005962,0.0010797
174,245,1.9999999999242846e-05,0.0006990000000000052,0.00042100000000466764,-0.00047400000000141773,0.0005920000000019243,-0.0006550000000009604,0.0005510000000006343,-0.0005640000000015633,0.000362000000002638,-0.00044300000000063733,0.0005962,0.0010797
175,246,3.199999999736747e-05,0.0006810000000001537,0.0004220000000021429,-0.0004750000000015575,0.0005910000000044491,-0.0006550000000009604,0.0005510000000006343,-0.0005640000000015633,0.000362000000002638,-0.00044300000000063733,0.0005515,0.0010806
176,247,3.999999999848569e-05,0.0006610000000000227,0.0004220000000021429,-0.0004750000000015575,0.0005910000000044491,-0.0006550000000009604,0.0005510000000006343,-0.0005640000000015633,0.000362000000002638,-0.00044300000000063733,0.0005515,0.0010806
177,248,4.7999999999603915e-05,0.0006390000000005003,0.0004220000000021429,-0.0004750000000015575,0.0005910000000044491,-0.000656000000000212,0.0005510000000006343,-0.000565000000001703,0.000362000000002638,-0.00044300000000063733,0.0005515,0.0010806
178,249,5.999999999772854e-05,0.0006260000000004595,0.0004220000000021429,-0.0004750000000015575,0.0005910000000044491,-0.000656000000000212,0.0005510000000006343,-0.000565000000001703,0.000362000000002638,-0.00044300000000063733,0.0005515,0.0010806
179,250,6.999999999379725e-05,0.0006110000000001392,0.0004220000000021429,-0.0004750000000015575,0.0005920000000019243,-0.0006570000000003517,0.0005510000000006343,-0.000565000000001703,0.000362000000002638,-0.00044300000000063733,0.0003982,0.0010838
180,251,7.199999999585316e-05,0.000592000000000148,0.0004220000000021429,-0.0004750000000015575,0.0005920000000019243,-0.0006570000000003517,0.0005510000000006343,-0.000565000000001703,0.000362000000002638,-0.00044300000000063733,0.0003389,0.0010865
181,252,7.999999999697138e-05,0.0005740000000002965,0.0004220000000021429,-0.0004750000000015575,0.0005920000000019243,-0.0006570000000003517,0.0005510000000006343,-0.000565000000001703,0.00036100000000516275,-0.00044300000000063733,0.0003389,0.0010865
182,253,8.19999999990273e-05,0.0005579999999998364,0.0004220000000021429,-0.00047400000000141773,0.0005920000000019243,-0.0006570000000003517,0.0005510000000006343,-0.000565000000001703,0.00036100000000516275,-0.00044300000000063733,0.0003389,0.0010865
183,254,8.699999999350894e-05,0.0005410000000001247,0.0004220000000021429,-0.00047400000000141773,0.0005920000000019243,-0.0006570000000003517,0.0005510000000006343,-0.000565000000001703,0.00036100000000516275,-0.00044300000000063733,0.0003389,0.0010865
184,255,9.099999999762076e-05,0.0005250000000005528,0.00042100000000466764,-0.00047400000000141773,0.0005920000000019243,-0.0006570000000003517,0.0005510000000006343,-0.0005660000000018428,0.00036100000000516275,-0.00044300000000063733,0.0003942,0.001087
185,256,9.299999999967667e-05,0.0005250000000005528,0.00042100000000466764,-0.00047400000000141773,0.0005920000000019243,-0.0006580000000004915,0.0005510000000006343,-0.0005660000000018428,0.00036100000000516275,-0.00044300000000063733,0.0005842,0.0010835
186,257,9.1999999995096e-05,0.000536000000000314,0.0004220000000021429,-0.00047400000000141773,0.0005920000000019243,-0.0006580000000004915,0.000552000000005215,-0.0005660000000018428,0.00036100000000516275,-0.00044300000000063733,0.0007465,0.0010823
187,258,9.399999999715192e-05,0.0005459999999999354,0.0004220000000021429,-0.00047400000000141773,0.0005920000000019243,-0.0006580000000004915,0.000552000000005215,-0.0005660000000018428,0.00036100000000516275,-0.00044300000000063733,0.0009157,0.0010829
188,259,8.099999999444663e-05,0.0005630000000005353,0.0004220000000021429,-0.00047400000000141773,0.0005920000000019243,-0.0006580000000004915,0.000552000000005215,-0.0005660000000018428,0.0003600000000005821,-0.00044200000000049755,0.0010197,0.0010792
189,260,7.799999999491547e-05,0.000576000000000576,0.00042100000000466764,-0.00047400000000141773,0.0005920000000019243,-0.0006580000000004915,0.000552000000005215,-0.0005670000000019826,0.0003600000000005821,-0.00044200000000049755,0.0010359,0.0010768
190,261,7.29999999933284e-05,0.0005950000000005673,0.00042100000000466764,-0.00047400000000141773,0.0005920000000019243,-0.0006580000000004915,0.0005510000000006343,-0.0005670000000019826,0.0003600000000005821,-0.00044200000000049755,0.0010472,0.0010755
191,262,5.7999999995672624e-05,0.0006219999999999004,0.00042100000000466764,-0.00047400000000141773,0.0005920000000019243,-0.0006580000000004915,0.0005510000000006343,-0.0005670000000019826,0.0003600000000005821,-0.00044200000000049755,0.0010472,0.0010755
192,263,4.899999999707916e-05,0.0006400000000006401,0.00042100000000466764,-0.00047400000000141773,0.0005920000000019243,-0.0006580000000004915,0.000552000000005215,-0.0005670000000019826,0.0003600000000005821,-0.00044200000000049755,0.0010346,0.0010742
193,264,4.0999999995960934e-05,0.0006510000000004013,0.00042100000000466764,-0.00047400000000141773,0.0005920000000019243,-0.0006590000000006313,0.000552000000005215,-0.0005670000000019826,0.0003600000000005821,-0.00044200000000049755,0.0009196,0.0010743
194,265,3.0999999999892225e-05,0.0006650000000005818,0.00042100000000466764,-0.00047400000000141773,0.0005920000000019243,-0.0006590000000006313,0.000552000000005215,-0.0005670000000019826,0.0003600000000005821,-0.00044200000000049755,0.0007611,0.0010783
195,266,2.3999999996249244e-05,0.000676000000000343,0.00042100000000466764,-0.00047400000000141773,0.0005920000000019243,-0.0006590000000006313,0.000552000000005215,-0.0005670000000019826,0.0003600000000005821,-0.00044200000000049755,0.000626,0.0010771
196,267,1.9999999999242846e-05,0.0006820000000002935,0.00042100000000466764,-0.00047400000000141773,0.0005920000000019243,-0.0006590000000006313,0.0005510000000006343,-0.0005680000000021224,0.0003600000000005821,-0.00044200000000049755,0.0005712,0.0010799
197,268,2.099999999671809e-05,0.0006859999999999644,0.00042100000000466764,-0.00047400000000141773,0.0005910000000044491,-0.0006590000000006313,0.0005510000000006343,-0.0005690000000022621,0.0003600000000005821,-0.00044200000000049755,0.0005712,0.0010799
198,269,2.69999999957804e-05,0.0006780000000006225,0.00042100000000466764,-0.00047400000000141773,0.0005910000000044491,-0.0006590000000006313,0.0005510000000006343,-0.0005690000000022621,0.0003600000000005821,-0.00044200000000049755,0.0005351,0.0010812
199,270,2.8999999997836312e-05,0.0006729999999999237,0.00042000000000008697,-0.00047400000000141773,0.0005910000000044491,-0.0006600000000007711,0.0005510000000006343,-0.0005690000000022621,0.0003600000000005821,-0.00044200000000049755,0.0005351,0.0010812
200,271,3.5999999994373866e-05,0.0006550000000000722,0.00042000000000008697,-0.00047400000000141773,0.0005910000000044491,-0.0006600000000007711,0.0005510000000006343,-0.0005690000000022621,0.0003600000000005821,-0.00044200000000049755,0.0004528,0.0010826
201,272,4.199999999343618e-05,0.0006360000000000809,0.00042000000000008697,-0.00047300000000127795,0.0005910000000044491,-0.0006600000000007711,0.0005510000000006343,-0.0005690000000022621,0.0003600000000005821,-0.00044200000000049755,0.0004528,0.0010826
202,273,4.99999999945544e-05,0.0006180000000002295,0.00042000000000008697,-0.00047300000000127795,0.0005910000000044491,-0.0006600000000007711,0.0005510000000006343,-0.0005700000000024019,0.0003600000000005821,-0.00044200000000049755,0.0004528,0.0010826
203,274,5.3999999998666226e-05,0.0005930000000002877,0.00042000000000008697,-0.00047300000000127795,0.0005910000000044491,-0.0006600000000007711,0.000552000000005215,-0.0005700000000024019,0.00035900000000310683,-0.00044200000000049755,0.0003868,0.0010851
204,275,5.999999999772854e-05,0.000568000000000346,0.00042000000000008697,-0.00047300000000127795,0.0005910000000044491,-0.0006600000000007711,0.000552000000005215,-0.0005710000000016535,0.00035900000000310683,-0.00044200000000049755,0.0003868,0.0010851
205,276,6.49999999993156e-05,0.000544000000000544,0.00042000000000008697,-0.00047300000000127795,0.0005910000000044491,-0.0006610000000009109,0.000552000000005215,-0.0005710000000016535,0.00035900000000310683,-0.00044200000000049755,0.0003868,0.0010851
206,277,6.8999999996322e-05,0.0005269999999999442,0.00042000000000008697,-0.00047300000000127795,0.0005910000000044491,-0.0006610000000009109,0.000552000000005215,-0.0005710000000016535,0.00035900000000310683,-0.00044200000000049755,0.0003868,0.0010851
207,278,7.499999999538431e-05,0.000512000000000512,0.00042000000000008697,-0.00047300000000127795,0.0005910000000044491,-0.0006610000000009109,0.000552000000005215,-0.0005710000000016535,0.00035900000000310683,-0.00044200000000049755,0.0003868,0.0010851
208,279,8.099999999444663e-05,0.0005009999999998627,0.00042000000000008697,-0.00047300000000127795,0.0005910000000044491,-0.0006610000000009109,0.000552000000005215,-0.0005710000000016535,0.00035900000000310683,-0.00044200000000049755,0.0003868,0.0010851
209,280,8.499999999855845e-05,0.0005129999999997636,0.00041900000000261173,-0.00047300000000127795,0.0005910000000044491,-0.0006610000000009109,0.000552000000005215,-0.0005720000000017933,0.00035900000000310683,-0.00044200000000049755,0.000398,0.0010858
210,281,8.499999999855845e-05,0.0005129999999997636,0.00041900000000261173,-0.00047300000000127795,0.0005910000000044491,-0.0006610000000009109,0.000552000000005215,-0.0005720000000017933,0.00035900000000310683,-0.00044200000000049755,0.0005232,0.0010858
211,282,8.299999999650254e-05,0.0005320000000006431,0.00041900000000261173,-0.00047300000000127795,0.0005910000000044491,-0.0006620000000001625,0.000552000000005215,-0.0005720000000017933,0.00035900000000310683,-0.00044200000000049755,0.0006839,0.0010851
212,283,7.199999999585316e-05,0.0005810000000003868,0.00041900000000261173,-0.00047200000000202635,0.0005910000000044491,-0.0006620000000001625,0.000552000000005215,-0.0005710000000016535,0.0003580000000056316,-0.00044200000000049755,0.0009642,0.0010865
213,284,7.199999999585316e-05,0.0005810000000003868,0.00041900000000261173,-0.00047200000000202635,0.0005910000000044491,-0.0006620000000001625,0.000552000000005215,-0.0005710000000016535,0.0003580000000056316,-0.00044200000000049755,0.0009642,0.0010865
214,285,6.999999999379725e-05,0.0005890000000006168,0.00041900000000261173,-0.00047200000000202635,0.0005910000000044491,-0.0006620000000001625,0.000552000000005215,-0.0005710000000016535,0.0003580000000056316,-0.00044200000000049755,0.0010495,0.001072
215,286,6.699999999426609e-05,0.000600000000000378,0.00041900000000261173,-0.00047200000000202635,0.0005910000000044491,-0.0006630000000003022,0.000552000000005215,-0.0005720000000017933,0.0003580000000056316,-0.00044200000000049755,0.0010495,0.001072
216,287,6.399999999473494e-05,0.000612000000000279,0.00041900000000261173,-0.00047200000000202635,0.0005910000000044491,-0.0006630000000003022,0.000552000000005215,-0.0005720000000017933,0.0003580000000056316,-0.00044200000000049755,0.0010623,0.0010697
217,288,6.099999999520378e-05,0.0006250000000003197,0.00041900000000261173,-0.00047200000000202635,0.0005910000000044491,-0.0006630000000003022,0.000552000000005215,-0.0005730000000019331,0.0003580000000056316,-0.00044200000000049755,0.0009827,0.0010739
218,289,5.499999999614147e-05,0.0006349999999999412,0.0004180000000051365,-0.00047200000000202635,0.0005910000000044491,-0.0006630000000003022,0.000552000000005215,-0.0005730000000019331,0.0003580000000056316,-0.00044200000000049755,0.0008471,0.0010757
219,290,3.999999999848569e-05,0.0006659999999998334,0.0004180000000051365,-0.00047200000000202635,0.0005910000000044491,-0.000664000000000442,0.000552000000005215,-0.0005730000000019331,0.0003580000000056316,-0.00044200000000049755,0.0007091,0.0010711
220,291,3.999999999848569e-05,0.0006659999999998334,0.0004180000000051365,-0.00047200000000202635,0.0005910000000044491,-0.000664000000000442,0.000552000000005215,-0.0005730000000019331,0.0003580000000056316,-0.00044200000000049755,0.0006167,0.0010743
221,292,3.299999999484271e-05,0.0006750000000002032,0.0004180000000051365,-0.00047200000000202635,0.0005910000000044491,-0.0006650000000005818,0.000552000000005215,-0.0005730000000019331,0.0003580000000056316,-0.00044100000000035777,0.0005379,0.0010775
222,293,2.800000000036107e-05,0.000668000000000113,0.0004180000000051365,-0.00047200000000202635,0.0005910000000044491,-0.0006650000000005818,0.000552000000005215,-0.0005730000000019331,0.0003580000000056316,-0.00044200000000049755,0.0005379,0.0010775
223,294,2.69999999957804e-05,0.0006620000000001625,0.0004180000000051365,-0.00047200000000202635,0.0005910000000044491,-0.0006650000000005818,0.000552000000005215,-0.0005730000000019331,0.0003570000000010509,-0.00044200000000049755,0.0005039,0.0010801
224,295,2.9999999995311555e-05,0.0006400000000006401,0.0004180000000051365,-0.00047200000000202635,0.0005910000000044491,-0.0006650000000005818,0.000552000000005215,-0.0005730000000019331,0.0003570000000010509,-0.00044200000000049755,0.0003236,0.0010862
225,296,3.499999999689862e-05,0.000620000000000509,0.0004180000000051365,-0.00047200000000202635,0.0005910000000044491,-0.0006650000000005818,0.000552000000005215,-0.0005740000000020729,0.0003560000000035757,-0.00044200000000049755,0.0003236,0.0010862
226,297,4.0999999995960934e-05,0.0006029999999999092,0.0004180000000051365,-0.00047200000000202635,0.0005900000000069738,-0.0006650000000005818,0.000552000000005215,-0.0005740000000020729,0.0003560000000035757,-0.00044200000000049755,0.0003236,0.0010862
227,298,4.6999999995023245e-05,0.0005820000000005265,0.0004180000000051365,-0.00047200000000202635,0.0005900000000069738,-0.0006650000000005818,0.000552000000005215,-0.0005730000000019331,0.0003560000000035757,-0.00044200000000049755,0.0001665,0.0010896
228,299,5.099999999913507e-05,0.0005500000000004945,0.0004180000000051365,-0.00047200000000202635,0.0005900000000069738,-0.0006650000000005818,0.000552000000005215,-0.0005740000000020729,0.0003560000000035757,-0.00044300000000063733,0.000147,0.0010898
229,300,5.099999999913507e-05,0.0005500000000004945,0.0004180000000051365,-0.0004710000000018866,0.0005900000000069738,-0.0006650000000005818,0.000552000000005215,-0.0005740000000020729,0.0003570000000010509,-0.0004440000000007771,0.000147,0.0010898
230,301,5.7999999995672624e-05,0.0005350000000001742,0.0004180000000051365,-0.0004710000000018866,0.0005900000000069738,-0.0006650000000005818,0.000552000000005215,-0.0005740000000020729,0.0003570000000010509,-0.0004440000000007771,0.000147,0.0010898
231,302,6.299999999725969e-05,0.0005180000000004625,0.0004180000000051365,-0.0004710000000018866,0.0005900000000069738,-0.0006660000000007216,0.000552000000005215,-0.0005740000000020729,0.0003570000000010509,-0.0004450000000009169,0.000147,0.0010898
232,303,6.8999999996322e-05,0.0005069999999998132,0.0004180000000051365,-0.0004710000000018866,0.0005900000000069738,-0.0006660000000007216,0.000552000000005215,-0.0005740000000020729,0.0003570000000010509,-0.0004450000000009169,0.0003543,0.0010868
233,304,7.29999999933284e-05,0.0005139999999999034,0.0004180000000051365,-0.0004710000000018866,0.0005900000000069738,-0.000664000000000442,0.000552000000005215,-0.0005740000000020729,0.0003570000000010509,-0.0004450000000009169,0.0006875,0.0010782
234,305,7.399999999790907e-05,0.0005250000000005528,0.0004180000000051365,-0.0004710000000018866,0.0005900000000069738,-0.000664000000000442,0.000552000000005215,-0.0005740000000020729,0.0003570000000010509,-0.0004450000000009169,0.000788,0.0010781
235,306,7.499999999538431e-05,0.000536000000000314,0.0004180000000051365,-0.0004710000000018866,0.0005900000000069738,-0.000664000000000442,0.000552000000005215,-0.0005750000000022126,0.0003570000000010509,-0.0004450000000009169,0.0008862,0.0010794
236,307,7.399999999790907e-05,0.0005490000000003548,0.0004180000000051365,-0.0004710000000018866,0.0005900000000069738,-0.0006630000000003022,0.0005510000000006343,-0.0005750000000022126,0.0003570000000010509,-0.0004450000000009169,0.000992,0.0010783
237,308,7.099999999837792e-05,0.0005690000000004858,0.0004170000000005558,-0.0004710000000018866,0.0005900000000069738,-0.0006620000000001625,0.0005510000000006343,-0.0005750000000022126,0.0003570000000010509,-0.0004450000000009169,0.000992,0.0010783
238,309,7.099999999837792e-05,0.0005850000000000577,0.0004170000000005558,-0.0004710000000018866,0.0005900000000069738,-0.0006620000000001625,0.0005510000000006343,-0.0005750000000022126,0.0003570000000010509,-0.0004450000000009169,0.0010709,0.0010651
239,310,6.699999999426609e-05,0.000600000000000378,0.0004170000000005558,-0.0004710000000018866,0.0005890000000023932,-0.0006620000000001625,0.000552000000005215,-0.0005750000000022126,0.0003570000000010509,-0.0004440000000007771,0.0010881,0.001063
240,311,6.599999999679085e-05,0.0006060000000003285,0.0004170000000005558,-0.0004710000000018866,0.0005890000000023932,-0.0006620000000001625,0.0005530000000026902,-0.0005740000000020729,0.0003570000000010509,-0.0004440000000007771,0.0010956,0.0010608
241,312,6.49999999993156e-05,0.0006140000000005585,0.00041600000000308057,-0.0004700000000017468,0.0005890000000023932,-0.0006600000000007711,0.0005530000000026902,-0.0005740000000020729,0.0003570000000010509,-0.0004440000000007771,0.0010292,0.001072
242,313,5.9000000000253294e-05,0.0006230000000000402,0.00041600000000308057,-0.0004700000000017468,0.0005890000000023932,-0.0006600000000007711,0.0005530000000026902,-0.0005740000000020729,0.0003570000000010509,-0.0004440000000007771,0.0010077,0.0010734
243,314,5.2999999994085556e-05,0.0006300000000001305,0.00041600000000308057,-0.0004700000000017468,0.0005880000000049179,-0.0006590000000006313,0.0005530000000026902,-0.0005740000000020729,0.0003570000000010509,-0.00044300000000063733,0.0009051,0.0010739
244,315,4.899999999707916e-05,0.0006420000000000314,0.00041600000000308057,-0.0004700000000017468,0.0005880000000049179,-0.0006590000000006313,0.000552000000005215,-0.0005740000000020729,0.0003570000000010509,-0.00044300000000063733,0.0007227,0.0010748
245,316,4.299999999801685e-05,0.0006500000000002615,0.00041600000000308057,-0.0004700000000017468,0.0005880000000049179,-0.0006590000000006313,0.000552000000005215,-0.0005740000000020729,0.0003570000000010509,-0.00044300000000063733,0.0006453,0.0010744
246,317,4.299999999801685e-05,0.0006500000000002615,0.00041600000000308057,-0.0004700000000017468,0.0005880000000049179,-0.0006590000000006313,0.000552000000005215,-0.0005750000000022126,0.0003570000000010509,-0.00044300000000063733,0.0006007,0.0010749
247,318,3.899999999390502e-05,0.000652000000000541,0.00041600000000308057,-0.0004700000000017468,0.0005890000000023932,-0.0006590000000006313,0.000552000000005215,-0.0005750000000022126,0.0003570000000010509,-0.000440000000000218,0.0006007,0.0010749
248,319,3.0999999999892225e-05,0.000656000000000212,0.00041600000000308057,-0.0004700000000017468,0.0005890000000023932,-0.0006590000000006313,0.000552000000005215,-0.0005750000000022126,0.0003570000000010509,-0.0004390000000009664,0.0006007,0.0010749
249,320,2.9999999995311555e-05,0.000652000000000541,0.00041600000000308057,-0.000469000000001607,0.0005890000000023932,-0.0006580000000004915,0.000552000000005215,-0.0005750000000022126,0.0003570000000010509,-0.000440000000000218,0.0005572,0.0010756
250,321,3.399999999942338e-05,0.0006270000000005993,0.00041600000000308057,-0.000469000000001607,0.0005890000000023932,-0.0006580000000004915,0.0005510000000006343,-0.0005760000000023524,0.0003570000000010509,-0.0004390000000009664,0.0005137,0.0010755
251,322,3.899999999390502e-05,0.0006050000000001887,0.00041500000000560533,-0.000469000000001607,0.0005890000000023932,-0.0006580000000004915,0.0005510000000006343,-0.0005760000000023524,0.0003570000000010509,-0.000440000000000218,0.0005137,0.0010755
252,323,4.6999999995023245e-05,0.0005850000000000577,0.00041500000000560533,-0.000469000000001607,0.0005890000000023932,-0.0006580000000004915,0.0005510000000006343,-0.0005760000000023524,0.0003570000000010509,-0.000440000000000218,0.0005137,0.0010755
253,324,5.7999999995672624e-05,0.0005700000000006256,0.00041500000000560533,-0.000469000000001607,0.0005890000000023932,-0.000656000000000212,0.0005510000000006343,-0.0005760000000023524,0.0003570000000010509,-0.000440000000000218,0.000431,0.0010762
254,325,5.999999999772854e-05,0.0005430000000004043,0.00041500000000560533,-0.000469000000001607,0.0005890000000023932,-0.000656000000000212,0.0005510000000006343,-0.0005760000000023524,0.0003570000000010509,-0.000440000000000218,0.0003886,0.0010773
255,326,6.49999999993156e-05,0.0005329999999998947,0.00041500000000560533,-0.000469000000001607,0.0005890000000023932,-0.0006550000000009604,0.0005510000000006343,-0.000577000000001604,0.0003570000000010509,-0.000440000000000218,0.0003886,0.0010773
256,327,7.199999999585316e-05,0.0005199999999998539,0.00041500000000560533,-0.000469000000001607,0.0005890000000023932,-0.0006550000000009604,0.0005510000000006343,-0.0005760000000023524,0.0003570000000010509,-0.000440000000000218,0.0003886,0.0010773
257,328,7.799999999491547e-05,0.0005069999999998132,0.00041500000000560533,-0.00046800000000146724,0.0005890000000023932,-0.0006550000000009604,0.0005510000000006343,-0.0005760000000023524,0.0003560000000035757,-0.000440000000000218,0.0003886,0.0010773
258,329,8.399999999397778e-05,0.000496000000000052,0.00041500000000560533,-0.00046800000000146724,0.0005890000000023932,-0.000656000000000212,0.0005510000000006343,-0.000577000000001604,0.0003560000000035757,-0.000440000000000218,0.0003948,0.0010782
259,330,8.499999999855845e-05,0.000516000000000183,0.00041400000000102466,-0.00046800000000146724,0.0005890000000023932,-0.000656000000000212,0.0005510000000006343,-0.000577000000001604,0.0003560000000035757,-0.00044100000000035777,0.0004431,0.00108
260,331,8.099999999444663e-05,0.0005310000000005033,0.00041400000000102466,-0.00046800000000146724,0.0005890000000023932,-0.000656000000000212,0.0005510000000006343,-0.000577000000001604,0.0003560000000035757,-0.00044100000000035777,0.0006502,0.001079
261,332,7.599999999996498e-05,0.0005550000000003052,0.00041400000000102466,-0.00046800000000146724,0.0005890000000023932,-0.000656000000000212,0.0005510000000006343,-0.000577000000001604,0.0003560000000035757,-0.00044100000000035777,0.0008651,0.001082
262,333,6.999999999379725e-05,0.0005790000000001072,0.0004130000000035494,-0.00046800000000146724,0.0005890000000023932,-0.000656000000000212,0.0005510000000006343,-0.000577000000001604,0.0003560000000035757,-0.00044100000000035777,0.0009824,0.001081
263,334,6.299999999725969e-05,0.0006010000000005178,0.0004130000000035494,-0.00046800000000146724,0.0005890000000023932,-0.0006550000000009604,0.0005510000000006343,-0.000577000000001604,0.00035500000000610044,-0.00044100000000035777,0.0009824,0.001081
264,335,6.099999999520378e-05,0.0006170000000000897,0.0004130000000035494,-0.00046800000000146724,0.0005890000000023932,-0.0006550000000009604,0.0005510000000006343,-0.0005780000000017438,0.00035400000000151977,-0.00044300000000063733,0.0009824,0.001081
265,336,5.499999999614147e-05,0.0006289999999999907,0.0004120000000060742,-0.00046800000000146724,0.0005890000000023932,-0.0006550000000009604,0.0005510000000006343,-0.0005780000000017438,0.00035400000000151977,-0.00044300000000063733,0.0009824,0.001081
266,337,4.6999999995023245e-05,0.000644000000000311,0.0004130000000035494,-0.00046800000000146724,0.0005890000000023932,-0.0006550000000009604,0.0005510000000006343,-0.0005780000000017438,0.00035400000000151977,-0.0004440000000007771,0.0009824,0.001081
267,338,4.5999999997548e-05,0.0006529999999997926,0.0004130000000035494,-0.00046800000000146724,0.0005900000000069738,-0.000656000000000212,0.0005510000000006343,-0.0005780000000017438,0.00035400000000151977,-0.0004440000000007771,0.0009705,0.0010787
268,339,3.999999999848569e-05,0.0006620000000001625,0.0004130000000035494,-0.00046800000000146724,0.0005900000000069738,-0.000656000000000212,0.0005510000000006343,-0.000577000000001604,0.00035400000000151977,-0.00044300000000063733,0.0008377,0.001079
269,340,1.7999999997186933e-05,0.0006900000000005235,0.0004120000000060742,-0.00046800000000146724,0.0005900000000069738,-0.0006570000000003517,0.0005510000000006343,-0.000577000000001604,0.00035400000000151977,-0.00044300000000063733,0.0007393,0.0010761
270,341,6.999999996537554e-06,0.0007020000000004245,0.0004120000000060742,-0.00046800000000146724,0.0005900000000069738,-0.0006570000000003517,0.0005510000000006343,-0.000577000000001604,0.00035400000000151977,-0.00044300000000063733,0.0006251,0.0010786
271,342,-1.00000000458067e-06,0.0007020000000004245,0.0004120000000060742,-0.00046800000000146724,0.0005910000000044491,-0.0006570000000003517,0.0005510000000006343,-0.000577000000001604,0.00035400000000151977,-0.00044300000000063733,0.0005588,0.0010817
272,343,9.999999974752427e-07,0.0006890000000003837,0.0004120000000060742,-0.00046800000000146724,0.0005910000000044491,-0.0006570000000003517,0.0005500000000031591,-0.000577000000001604,0.00035400000000151977,-0.00044300000000063733,0.0005588,0.0010817
273,344,2.9999999995311555e-06,0.0006710000000005323,0.0004120000000060742,-0.00046800000000146724,0.0005920000000019243,-0.0006570000000003517,0.0005500000000031591,-0.000577000000001604,0.00035500000000610044,-0.00044200000000049755,0.00048,0.0010832
274,345,2.9999999995311555e-06,0.0006510000000004013,0.0004120000000060742,-0.000469000000001607,0.0005920000000019243,-0.0006570000000003517,0.0005500000000031591,-0.000577000000001604,0.00035500000000610044,-0.00044200000000049755,0.0004338,0.0010853
275,346,2.5999999998305157e-05,0.0006099999999999994,0.0004120000000060742,-0.00046800000000146724,0.0005920000000019243,-0.0006570000000003517,0.0005500000000031591,-0.0005780000000017438,0.00035500000000610044,-0.00044200000000049755,0.0004338,0.0010853
276,347,4.199999999343618e-05,0.0005709999999998772,0.0004120000000060742,-0.00046800000000146724,0.0005920000000019243,-0.0006570000000003517,0.0005500000000031591,-0.0005780000000017438,0.00035500000000610044,-0.00044200000000049755,0.0003532,0.0010864
277,348,5.199999999661031e-05,0.0005380000000005936,0.0004120000000060742,-0.00046800000000146724,0.0005920000000019243,-0.000656000000000212,0.0005500000000031591,-0.0005780000000017438,0.0003560000000035757,-0.00044300000000063733,0.0003144,0.0010884
278,349,5.3999999998666226e-05,0.0005259999999998044,0.0004110000000014935,-0.00046800000000146724,0.0005920000000019243,-0.000656000000000212,0.0005500000000031591,-0.0005780000000017438,0.0003560000000035757,-0.00044300000000063733,0.0003144,0.0010884
279,350,6.399999999473494e-05,0.0004980000000003315,0.0004110000000014935,-0.00046800000000146724,0.0005920000000019243,-0.000656000000000212,0.0005510000000006343,-0.0005780000000017438,0.0003560000000035757,-0.00044300000000063733,0.0003144,0.0010884
280,351,6.699999999426609e-05,0.0004770000000000607,0.0004110000000014935,-0.00046800000000146724,0.0005920000000019243,-0.000656000000000212,0.0005510000000006343,-0.0005780000000017438,0.0003560000000035757,-0.00044300000000063733,0.0003144,0.0010884
281,352,7.799999999491547e-05,0.00047599999999992093,0.00041000000000401826,-0.00046800000000146724,0.0005910000000044491,-0.000656000000000212,0.0005510000000006343,-0.0005780000000017438,0.0003560000000035757,-0.00044300000000063733,0.0003313,0.0010883
282,353,8.399999999397778e-05,0.000484000000000151,0.00041000000000401826,-0.00046800000000146724,0.0005920000000019243,-0.0006570000000003517,0.0005510000000006343,-0.0005780000000017438,0.0003560000000035757,-0.00044300000000063733,0.0005884,0.0010844
283,354,8.399999999397778e-05,0.0005000000000006111,0.0004110000000014935,-0.00046800000000146724,0.0005920000000019243,-0.0006570000000003517,0.0005510000000006343,-0.0005790000000018836,0.0003560000000035757,-0.00044300000000063733,0.0007369,0.0010827
284,355,7.699999999744023e-05,0.0005300000000003635,0.00041000000000401826,-0.00046800000000146724,0.0005920000000019243,-0.0006570000000003517,0.0005510000000006343,-0.0005790000000018836,0.0003560000000035757,-0.00044300000000063733,0.0008018,0.0010821
285,356,6.299999999725969e-05,0.000556000000000445,0.00041000000000401826,-0.00046700000000132746,0.0005910000000044491,-0.0006570000000003517,0.0005510000000006343,-0.0005790000000018836,0.0003560000000035757,-0.00044300000000063733,0.0009265,0.001081
286,357,6.399999999473494e-05,0.0005870000000003373,0.00041000000000401826,-0.00046700000000132746,0.0005910000000044491,-0.0006570000000003517,0.0005510000000006343,-0.0005800000000020233,0.0003560000000035757,-0.00044300000000063733,0.0010095,0.0010813
287,358,5.999999999772854e-05,0.0006110000000001392,0.0004089999999994376,-0.00046700000000132746,0.0005910000000044491,-0.0006590000000006313,0.0005510000000006343,-0.0005800000000020233,0.0003560000000035757,-0.00044300000000063733,0.0010095,0.0010813
288,359,5.3999999998666226e-05,0.00063200000000041,0.0004089999999994376,-0.00046700000000132746,0.0005910000000044491,-0.0006590000000006313,0.0005510000000006343,-0.0005800000000020233,0.0003560000000035757,-0.00044300000000063733,0.0010095,0.0010813
289,360,5.099999999913507e-05,0.0006490000000001217,0.0004089999999994376,-0.00046700000000132746,0.0005910000000044491,-0.0006590000000006313,0.0005510000000006343,-0.0005800000000020233,0.0003560000000035757,-0.00044300000000063733,0.0010406,0.0010803
290,361,4.399999999549209e-05,0.0006650000000005818,0.00040800000000196235,-0.00046700000000132746,0.0005910000000044491,-0.0006590000000006313,0.0005510000000006343,-0.0005800000000020233,0.0003560000000035757,-0.00044300000000063733,0.0009893,0.0010808
291,362,3.799999999642978e-05,0.0006859999999999644,0.00040800000000196235,-0.00046700000000132746,0.0005910000000044491,-0.0006590000000006313,0.0005510000000006343,-0.0005810000000021631,0.0003560000000035757,-0.00044300000000063733,0.0008444,0.0010784
292,363,3.499999999689862e-05,0.0006979999999998654,0.00040800000000196235,-0.00046600000000207586,0.0005910000000044491,-0.0006590000000006313,0.0005510000000006343,-0.0005810000000021631,0.0003560000000035757,-0.00044300000000063733,0.0007318,0.0010749
293,364,3.899999999390502e-05,0.0007049999999999557,0.00040800000000196235,-0.00046600000000207586,0.0005910000000044491,-0.0006590000000006313,0.0005510000000006343,-0.0005810000000021631,0.0003560000000035757,-0.00044300000000063733,0.0006095,0.0010759
294,365,3.6999999998954536e-05,0.0007030000000005643,0.0004070000000044871,-0.00046600000000207586,0.0005910000000044491,-0.0006590000000006313,0.000552000000005215,-0.0005820000000023029,0.0003560000000035757,-0.0004450000000009169,0.0006095,0.0010759
295,366,3.399999999942338e-05,0.0006909999999997751,0.0004070000000044871,-0.00046600000000207586,0.0005910000000044491,-0.0006590000000006313,0.000552000000005215,-0.0005820000000023029,0.0003560000000035757,-0.0004450000000009169,0.000531,0.0010777
296,367,2.5999999998305157e-05,0.0006820000000002935,0.0004070000000044871,-0.00046600000000207586,0.0005910000000044491,-0.0006590000000006313,0.000552000000005215,-0.0005820000000023029,0.0003560000000035757,-0.0004450000000009169,0.000531,0.0010777
